URL,Last crawled
https://www.mutanttechnologies.com/blog/aa,1970-01-01
https://www.mutanttechnologies.com/blog/aaa,1970-01-01
https://www.mutanttechnologies.com/blog/eaa,1970-01-01
https://www.mutanttechnologies.com/blog/hey,1970-01-01
https://www.mutanttechnologies.com/blog/test-7-feb,1970-01-01
https://www.mutanttechnologies.com/services,1970-01-01
https://www.mutanttechnologies.com/services/ai-automations,1970-01-01
https://www.mutanttechnologies.com/services/app-development,1970-01-01
https://www.mutanttechnologies.com/services/brand-identity,1970-01-01
https://www.mutanttechnologies.com/services/cyber-security,1970-01-01
https://www.mutanttechnologies.com/services/digital-marketing,1970-01-01
https://www.mutanttechnologies.com/services/geo,1970-01-01
https://www.mutanttechnologies.com/services/graphic-design,1970-01-01
https://www.mutanttechnologies.com/services/seo,1970-01-01
https://www.mutanttechnologies.com/services/web-development,1970-01-01